N,J,h,mean_R_sq,err_mean_R_sq,mean_R_gyr_sq,err_mean_R_gyr_sq,mean_e,err_mean_e,mean_e_sq,err_mean_e_sq,mean_e_fourth,err_mean_e_fourth,mean_m,err_mean_m,mean_m_sq,err_mean_m_sq,mean_m_fourth,err_mean_m_fourth,steps
100,0.0,0,929,35,96.8226,0.0576104,-4.99153e-05,0.000199247,0.0243977,3.52849e-05,0.00192391,7.50196e-06,0.0796678,5.97166e-05,0.0100189,1.33471e-05,0.000299426,9.05866e-07,105200000000
300,0.0,0,4910,73,486.19,0.358418,-2.44331e-05,8.85367e-05,0.00679411,9.75303e-06,0.000143057,4.98252e-07,0.0460452,5.13609e-05,0.00333541,6.29718e-06,3.32766e-05,1.20411e-07,105900000000
600,0.0,0,13924,120,1354.86,1.13287,-6.26387e-06,3.45978e-05,0.0031292,2.32233e-06,2.99387e-05,5.03099e-08,0.0325604,1.37318e-05,0.001667,1.34857e-06,8.3376e-06,1.52897e-08,482200000000
1200,0.0,0,39380,225,0.0,,4.24873e-05,5.25734e-05,0.00146765,2.21113e-06,6.53042e-06,2.12384e-08,0.0230179,2.28192e-05,0.000832685,1.58505e-06,2.0791e-06,7.58831e-09,373770000000
100,0.1,0,925,33,96.355,0.0686534,-0.163649,0.000178854,0.0558677,0.000100244,0.00860202,4.15854e-05,0.093606,7.44697e-05,0.0137804,2.06183e-05,0.000562394,1.83052e-06,95900000000
300,0.1,0,4879,75,483.37,0.495968,-0.165075,9.59952e-05,0.0354488,3.44841e-05,0.00233232,4.75053e-06,0.054102,4.31892e-05,0.00459701,6.6368e-06,6.28955e-05,2.24086e-07,100200000000
600,0.1,0,13825,123,1345.54,0.914906,-0.16526,4.11932e-05,0.0310977,1.40693e-05,0.00141979,1.21069e-06,0.0383351,1.57688e-05,0.00230857,1.73973e-06,1.5931e-05,2.79188e-08,502200000000
1200,0.1,0,39154,213,0.0,,-0.165459,5.41321e-05,0.0291616,1.86338e-05,0.00105452,1.34648e-06,0.0270909,2.27263e-05,0.00115314,1.89005e-06,3.98775e-06,1.42645e-08,366930000000
100,0.2,0,900,34,94.1775,0.0640668,-0.364313,0.000209376,0.167412,0.000177393,0.0503975,0.000108416,0.113735,8.86823e-05,0.0202835,3.22666e-05,0.00121043,4.49723e-06,99600000000
300,0.2,0,4748,79,470.684,0.38521,-0.368083,0.000119594,0.145457,8.84202e-05,0.0268942,3.231e-05,0.0658365,6.52141e-05,0.00680005,1.26644e-05,0.000137585,5.98193e-07,101100000000
600,0.2,0,13440,119,1311.17,1.08275,-0.369103,4.86673e-05,0.14089,3.84229e-05,0.0224582,1.29025e-05,0.0466305,1.86795e-05,0.00341397,2.61213e-06,3.48369e-05,6.58517e-08,480200000000
1200,0.2,0,38026,206,0.0,,-0.369575,7.8014e-05,0.138788,6.03349e-05,0.0204811,1.88203e-05,0.0329888,2.76037e-05,0.00170826,2.64138e-06,8.73333e-06,2.6054e-08,356340000000
100,0.3,0,840,34,89.3409,0.0770461,-0.616704,0.000286658,0.422518,0.000382361,0.249621,0.000434664,0.145384,0.000145783,0.0329685,5.63107e-05,0.0031443,1.09609e-05,97400000000
300,0.3,0,4434,69,443.483,0.487289,-0.624045,0.000112551,0.401844,0.00014171,0.181442,0.000128977,0.0843217,6.72182e-05,0.011145,1.54122e-05,0.000368061,1.1522e-06,99400000000
600,0.3,0,12537,112,1229.87,0.963446,-0.625805,5.55395e-05,0.397483,6.93157e-05,0.1673,5.74854e-05,0.0597474,2.29469e-05,0.00559989,3.90416e-06,9.34506e-05,1.43781e-07,486300000000
1200,0.3,0,35570,205,0.0,,-0.626637,8.13561e-05,0.395465,0.000101783,0.160809,8.22322e-05,0.0422518,2.99444e-05,0.0028024,3.96081e-06,2.34726e-05,6.75315e-08,342190000000
100,0.31,0,839,35,0.0,,-0.64575,0.000108458,0.459963,0.000146268,0.290484,0.000192327,0.149564,5.75172e-05,0.0348391,2.52024e-05,0.00349525,6.05724e-06,375790000000
300,0.31,0,4388,78,0.0,,-0.653486,6.95435e-05,0.439768,9.22567e-05,0.215807,9.15358e-05,0.0868997,5.47449e-05,0.0118275,1.16827e-05,0.000414072,8.4166e-07,267140000000
600,0.31,0,12439,114,0.0,,-0.655252,6.45032e-05,0.435343,8.5044e-05,0.199959,7.77501e-05,0.0615035,3.07798e-05,0.00593738,5.47493e-06,0.00010529,2.61434e-07,330870000000
1200,0.31,0,35208,212,0.0,,-0.655961,8.23959e-05,0.433139,0.000108223,0.192554,9.59302e-05,0.0435281,3.41193e-05,0.0029736,4.00035e-06,2.64306e-05,7.49954e-08,352430000000
100,0.32,0,826,35,0.0,,-0.675321,0.000111202,0.499938,0.00015621,0.337657,0.000217258,0.153908,6.53372e-05,0.0368736,2.83899e-05,0.00390744,6.78044e-06,379890000000
300,0.32,0,4338,73,0.0,,-0.683474,7.44845e-05,0.480173,0.000102256,0.255659,0.000107716,0.0895614,5.42747e-05,0.0125667,1.33126e-05,0.000467531,9.11569e-07,275020000000
600,0.32,0,12295,114,0.0,,-0.685479,7.37875e-05,0.476033,0.00010303,0.238329,0.000105698,0.0633707,2.69931e-05,0.00630009,5.12324e-06,0.000118274,2.20841e-07,320050000000
1200,0.32,0,34935,200,0.0,,-0.686401,8.97294e-05,0.474083,0.000123108,0.230326,0.000118453,0.0448558,3.08752e-05,0.00315755,4.32439e-06,2.97698e-05,8.61689e-08,340460000000
100,0.33,0,812,35,0.0,,-0.705575,0.00014911,0.542644,0.000216856,0.391803,0.000324113,0.158491,6.43681e-05,0.039065,2.81984e-05,0.00437027,6.71244e-06,367050000000
300,0.33,0,4288,68,0.0,,-0.714482,7.79711e-05,0.52382,0.000111592,0.302366,0.000128543,0.0922397,4.11413e-05,0.0133187,1.09543e-05,0.000523733,1.02761e-06,268040000000
600,0.33,0,12160,124,0.0,,-0.716677,8.50522e-05,0.519943,0.000121686,0.283496,0.000128553,0.0654091,3.05796e-05,0.0067082,6.69805e-06,0.000133988,3.36263e-07,331760000000
1200,0.33,0,34329,198,0.0,,-0.717582,8.57069e-05,0.517938,0.000123248,0.274507,0.000130842,0.0462482,3.0828e-05,0.00335744,4.15181e-06,3.36904e-05,8.12126e-08,345870000000
100,0.34,0,808,31,0.0,,-0.73689,0.000118468,0.588751,0.000172625,0.454625,0.000275262,0.163752,6.26462e-05,0.0416711,3.38781e-05,0.00495815,1.02632e-05,377690000000
300,0.34,0,4236,77,0.0,,-0.746326,0.000103357,0.570705,0.000148885,0.357063,0.000174004,0.0952502,6.50449e-05,0.0142115,1.85151e-05,0.000597042,1.51529e-06,273080000000
600,0.34,0,11971,113,0.0,,-0.748612,7.18146e-05,0.566912,0.000108385,0.336134,0.000129152,0.067466,3.56259e-05,0.0071386,5.78246e-06,0.000151588,2.69611e-07,323360000000
1200,0.34,0,34028,199,0.0,,-0.749856,9.87511e-05,0.565387,0.000148426,0.32669,0.000170748,0.0477864,2.6803e-05,0.00358342,3.8639e-06,3.83359e-05,8.98091e-08,352230000000
100,0.35,0,798,32,0.0,,-0.769065,0.000114343,0.63823,0.000183976,0.52715,0.000324934,0.169185,6.32783e-05,0.0444132,2.9937e-05,0.00560471,8.69436e-06,367720000000
300,0.35,0,4171,72,0.0,,-0.779246,8.55397e-05,0.62129,0.00013706,0.421058,0.000187931,0.0985247,5.39758e-05,0.0151883,1.56794e-05,0.000680029,1.38658e-06,271150000000
600,0.35,0,11840,111,0.0,,-0.781656,7.37954e-05,0.617664,0.000115761,0.398035,0.000148345,0.069831,3.49033e-05,0.00764469,7.20005e-06,0.000173947,3.54358e-07,326850000000
1200,0.35,0,33419,196,0.0,,-0.782953,9.36256e-05,0.616205,0.00014669,0.387579,0.000183536,0.0494111,2.91726e-05,0.00383096,4.35909e-06,4.38044e-05,1.05139e-07,349430000000
100,0.36,0,784,30,0.0,,-0.802245,0.000113095,0.691499,0.000186426,0.611285,0.00034384,0.174951,7.11413e-05,0.0474471,3.53675e-05,0.00637583,1.00147e-05,372290000000
300,0.36,0,4107,68,0.0,,-0.813236,8.64771e-05,0.675823,0.000147472,0.495975,0.000230407,0.102071,5.11083e-05,0.0162928,1.68129e-05,0.000780932,1.8897e-06,271220000000
600,0.36,0,11631,111,0.0,,-0.8158,9.79118e-05,0.672396,0.000158284,0.470621,0.000213798,0.0723513,3.81545e-05,0.00820601,7.38988e-06,0.000200189,3.66279e-07,324410000000
1200,0.36,0,32923,222,0.0,,-0.817226,0.000100432,0.671147,0.000164866,0.459279,0.000225966,0.0511961,3.08201e-05,0.00411294,4.94791e-06,5.0535e-05,1.34883e-07,358190000000
100,0.37,0,770,36,0.0,,-0.836435,0.000124616,0.748636,0.000235147,0.708079,0.000519634,0.181267,7.88645e-05,0.0508861,4.00683e-05,0.00729874,1.20571e-05,370620000000
300,0.37,0,4032,67,0.0,,-0.848206,9.06824e-05,0.73431,0.000154571,0.583021,0.000247836,0.105866,5.23905e-05,0.0175219,1.734e-05,0.00090133,2.16011e-06,265520000000
600,0.37,0,11452,113,0.0,,-0.850958,7.94394e-05,0.731203,0.000136467,0.555397,0.000208274,0.0750733,3.94905e-05,0.00883408,8.43503e-06,0.000231692,4.93342e-07,336140000000
1200,0.37,0,32460,211,0.0,,-0.852526,0.000104986,0.730194,0.000179159,0.543105,0.000264534,0.0531064,2.8491e-05,0.00442519,4.48761e-06,5.84774e-05,1.33959e-07,346490000000
100,0.38,0,754,34,0.0,,-0.87173,0.000134214,0.810067,0.000254283,0.819709,0.000495715,0.188041,7.41631e-05,0.0546641,3.99241e-05,0.00837281,1.45006e-05,357450000000
300,0.38,0,3961,68,0.0,,-0.884268,8.17558e-05,0.797242,0.000147275,0.684617,0.000259907,0.109891,5.40378e-05,0.0188735,1.71238e-05,0.00104572,2.11637e-06,272110000000
600,0.38,0,11204,113,0.0,,-0.887442,0.000148844,0.794866,0.000265851,0.655121,0.000435417,0.0779542,3.27981e-05,0.00951819,7.60043e-06,0.000268724,4.75536e-07,322360000000
1200,0.38,0,31762,193,0.0,,-0.888927,0.000141439,0.793705,0.000253226,0.641139,0.000411368,0.0552363,2.80433e-05,0.0047858,4.57831e-06,6.82826e-05,1.42331e-07,360430000000
100,0.39,0,741,33,0.0,,-0.908023,0.000131397,0.875989,0.0002497,0.949111,0.000574721,0.195363,7.41574e-05,0.0589153,4.10594e-05,0.00967941,1.43466e-05,362110000000
300,0.39,0,3879,71,0.0,,-0.921949,8.17169e-05,0.865793,0.000153254,0.804588,0.000291211,0.114503,5.71404e-05,0.0204803,1.87345e-05,0.00122877,2.36642e-06,267770000000
600,0.39,0,10971,106,0.0,,-0.925211,7.82683e-05,0.863563,0.000145875,0.771882,0.000261434,0.0812298,3.83306e-05,0.0103328,8.95292e-06,0.000316205,5.59195e-07,331460000000
1200,0.39,0,31104,188,0.0,,-0.926635,0.000110744,0.862282,0.000205464,0.756065,0.000358865,0.0575391,2.90402e-05,0.00519217,5.0164e-06,8.02951e-05,1.70885e-07,356990000000
100,0.4,0,727,29,79.4262,0.0534618,-0.945127,0.00026688,0.945941,0.000527452,1.09584,0.00121543,0.203559,0.00017479,0.0638337,9.56582e-05,0.0112974,3.24498e-05,96500000000
300,0.4,0,3786,64,385.651,0.348345,-0.96077,0.000188852,0.939376,0.000366473,0.943949,0.000732515,0.119301,9.09303e-05,0.0222281,3.09941e-05,0.00144577,4.31416e-06,103700000000
600,0.4,0,10728,106,1065.51,1.0106,-0.964302,7.79395e-05,0.937701,0.000149644,0.908714,0.000282713,0.0847615,3.24672e-05,0.0112518,7.53685e-06,0.000374692,6.09043e-07,487300000000
1200,0.4,0,30452,192,0.0,,-0.966248,0.000157461,0.937404,0.000306971,0.892885,0.000590167,0.0600248,3.29714e-05,0.00565126,5.57555e-06,9.515e-05,2.26917e-07,351800000000
100,0.41,0,714,27,0.0,,-0.984592,0.000146323,1.02359,0.000284418,1.27162,0.000713555,0.212219,9.08158e-05,0.0692599,5.50609e-05,0.0131832,2.07761e-05,360530000000
300,0.41,0,3701,69,0.0,,-1.00111,0.000118254,1.01908,0.000230276,1.10761,0.000461604,0.124877,6.22788e-05,0.024324,2.1353e-05,0.00172355,3.23753e-06,268680000000
600,0.41,0,10469,107,0.0,,-1.00502,8.73113e-05,1.01817,0.000176101,1.06977,0.000368695,0.0886081,4.02708e-05,0.0122884,1.10852e-05,0.000446289,8.92895e-07,329120000000
1200,0.41,0,29601,185,0.0,,-1.00714,0.000134266,1.01825,0.000270439,1.05279,0.000554992,0.0628486,3.2464e-05,0.00619065,6.10981e-06,0.000113928,2.47979e-07,352510000000
100,0.42,0,689,33,0.0,,-1.02474,0.000124826,1.10577,0.000267163,1.47136,0.000806844,0.221978,9.71558e-05,0.0755566,5.26504e-05,0.0155306,2.17909e-05,363390000000
300,0.42,0,3599,70,0.0,,-1.04326,0.000125635,1.10586,0.000272433,1.30065,0.000667511,0.131079,7.33285e-05,0.0267634,2.67952e-05,0.00207842,3.92391e-06,265250000000
600,0.42,0,10164,104,0.0,,-1.04765,9.1654e-05,1.10601,0.000193378,1.26067,0.00044267,0.0930801,3.92346e-05,0.0135555,1.18728e-05,0.000542337,1.12922e-06,347920000000
1200,0.42,0,28803,185,0.0,,-1.04968,0.000128135,1.10592,0.000270028,1.24117,0.000607309,0.0660144,4.75556e-05,0.0068269,9.02314e-06,0.000138603,3.81374e-07,339490000000
100,0.43,0,676,32,0.0,,-1.06681,0.000162198,1.19539,0.000350069,1.70607,0.00100109,0.232813,8.84456e-05,0.0828422,5.55985e-05,0.0184391,2.43396e-05,347410000000
300,0.43,0,3489,63,0.0,,-1.08731,0.000101176,1.20037,0.000225554,1.52849,0.000593757,0.137867,6.28092e-05,0.0295927,2.46123e-05,0.00253087,4.71473e-06,271140000000
600,0.43,0,9851,104,0.0,,-1.09206,9.69305e-05,1.2014,0.000212207,1.48583,0.000522196,0.0980771,5.68593e-05,0.0150397,1.52787e-05,0.000665673,1.26445e-06,336070000000
1200,0.43,0,27805,184,0.0,,-1.09475,0.000133052,1.20274,0.000292001,1.46714,0.000711624,0.0695003,3.62238e-05,0.00757112,7.64011e-06,0.000170492,3.74552e-07,353220000000
100,0.44,0,650,29,0.0,,-1.11024,0.000139813,1.29171,0.000310417,1.97706,0.000987492,0.244408,9.9073e-05,0.0910147,6.41119e-05,0.021997,3.09035e-05,360660000000
300,0.44,0,3368,62,0.0,,-1.13329,0.000102413,1.30329,0.000234231,1.79798,0.000648303,0.145662,6.95555e-05,0.0330122,2.83726e-05,0.0031438,6.12595e-06,264630000000
600,0.44,0,9507,100,0.0,,-1.13861,0.000122977,1.30563,0.000288201,1.75291,0.000807273,0.103663,4.44034e-05,0.0167948,1.34038e-05,0.000829352,1.43652e-06,351580000000
1200,0.44,0,26836,175,0.0,,-1.14114,0.000135253,1.30666,0.000309589,1.73073,0.000820638,0.0734615,5.5023e-05,0.0084551,1.31631e-05,0.000212342,7.90644e-07,346950000000
100,0.45,0,628,28,0.0,,-1.15586,0.000133129,1.39694,0.000306738,2.29592,0.00103081,0.257984,0.000104991,0.100976,7.13076e-05,0.0266463,3.65087e-05,349540000000
300,0.45,0,3238,69,0.0,,-1.18189,9.82168e-05,1.41666,0.00023139,2.12008,0.000683151,0.154552,8.54511e-05,0.0371094,3.13774e-05,0.00394825,7.20551e-06,270490000000
600,0.45,0,9134,106,0.0,,-1.18804,0.000103939,1.42108,0.00024855,2.0746,0.000727985,0.11012,4.85455e-05,0.0189437,1.67479e-05,0.00105207,2.4369e-06,336740000000
1200,0.45,0,25748,170,0.0,,-1.19093,0.000150921,1.42302,0.000360652,2.05181,0.00104173,0.0782024,4.51268e-05,0.00957996,9.9299e-06,0.000272441,5.87489e-07,344080000000
100,0.46,0,611,29,0.0,,-1.20311,0.000148651,1.51039,0.000353195,2.666,0.00121836,0.273087,0.000109752,0.112538,7.44813e-05,0.0324803,4.11507e-05,355940000000
300,0.46,0,3103,67,0.0,,-1.2327,0.000151056,1.54031,0.000386298,2.50163,0.00130899,0.164867,8.41917e-05,0.0421433,3.96918e-05,0.00505337,1.06592e-05,265710000000
600,0.46,0,8738,96,0.0,,-1.24013,0.000111561,1.54812,0.000278558,2.46007,0.000888624,0.117767,5.1629e-05,0.0216341,1.77745e-05,0.00136665,2.65405e-06,346750000000
1200,0.46,0,24744,179,0.0,,-1.24321,0.000183978,1.55057,0.00045919,2.43529,0.0014477,0.0835554,4.8421e-05,0.0109313,1.11712e-05,0.000354117,7.17324e-07,349630000000
100,0.47,0,585,27,0.0,,-1.25295,0.00015828,1.63508,0.000382106,3.10517,0.00139741,0.290162,0.000119367,0.126225,9.27095e-05,0.0399359,5.06065e-05,348670000000
300,0.47,0,2946,55,0.0,,-1.28731,0.000105878,1.67907,0.000277242,2.96779,0.00100862,0.177136,8.83778e-05,0.0485237,4.60562e-05,0.00663745,1.58065e-05,265780000000
600,0.47,0,8274,93,0.0,,-1.29542,0.000183289,1.68892,0.000478565,2.92593,0.00166376,0.126725,8.58399e-05,0.025041,3.19043e-05,0.00182497,4.21397e-06,341820000000
1200,0.47,0,23307,169,0.0,,-1.29945,0.00018291,1.69388,0.000477121,2.90525,0.00164078,0.0902244,5.53358e-05,0.0127406,1.42242e-05,0.000479449,1.09912e-06,346070000000
100,0.48,0,553,23,0.0,,-1.30453,0.000371307,1.76919,0.000991557,3.61247,0.00431845,0.3092,0.000380125,0.142239,0.000318158,0.0494162,0.000206763,54950000000
300,0.48,0,2783,56,0.0,,-1.34507,0.000302154,1.83242,0.000824833,3.52967,0.00322681,0.191451,0.000235624,0.0565767,0.000150551,0.00894402,5.04652e-05,56660000000
600,0.48,0,7827,95,0.0,,-1.35482,0.000303768,1.84707,0.000827227,3.49738,0.00313409,0.13758,0.000146807,0.0294705,5.96332e-05,0.00251847,1.18183e-05,57870000000
1200,0.48,0,21901,198,0.0,,-1.35868,0.000458049,1.85166,0.00124874,3.47069,0.00468541,0.0981607,0.000134316,0.015072,4.12161e-05,0.000669347,4.24045e-06,57180000000
2400,0.48,0,61517,412,0.0,,-1.36191,0.000269849,1.85761,0.000736362,3.47158,0.00275656,0.0696508,5.69884e-05,0.00760328,1.17132e-05,0.000171852,5.46422e-07,353920000000
4800,0.48,0,176417,2416,0.0,,-1.36238,0.000517884,1.85751,0.00136307,3.46091,0.00483866,0.0494532,6.48177e-05,0.00383724,9.86203e-06,4.39233e-05,2.37799e-07,327530000000
6000,0.48,0,250067,5817,0.0,,-1.36242,0.000642249,1.85736,0.00173441,3.45835,0.00638381,0.0439988,8.14658e-05,0.00303883,1.10533e-05,2.76709e-05,2.15929e-07,221880000000
7200,0.48,0,336971,15605,0.0,,-1.36262,0.00104059,1.85787,0.00267496,3.4598,0.00911915,0.0401651,9.38762e-05,0.00253527,1.15356e-05,1.93208e-05,1.93542e-07,212750000000
100,0.49,0,527,25,0.0,,-1.35918,0.00045354,1.91721,0.00125002,4.21675,0.00553823,0.331676,0.000410793,0.161953,0.000323848,0.0618419,0.000206733,52670000000
300,0.49,0,2587,56,0.0,,-1.40738,0.000265299,2.00565,0.00075169,4.2248,0.00317322,0.209653,0.000235859,0.0675713,0.000138545,0.012529,5.0075e-05,54810000000
600,0.49,0,7182,90,0.0,,-1.41895,0.000404198,2.02583,0.00115655,4.20538,0.00483424,0.151392,0.00018361,0.03564,8.29461e-05,0.0036544,1.91207e-05,55740000000
1200,0.49,0,20395,190,0.0,,-1.42448,0.000496631,2.03534,0.00141909,4.19331,0.00585667,0.108246,0.000185269,0.018306,5.98592e-05,0.000982132,6.67861e-06,54920000000
2400,0.49,0,57231,371,0.0,,-1.42768,0.000318523,2.04133,0.00091092,4.19219,0.00374443,0.0769797,6.44803e-05,0.0092849,1.5121e-05,0.000255982,8.59066e-07,350350000000
4800,0.49,0,162444,2257,0.0,,-1.42886,0.000549092,2.04319,0.00154928,4.18731,0.00622688,0.0544944,9.49156e-05,0.00465971,1.56811e-05,6.49211e-05,4.15184e-07,318100000000
6000,0.49,0,225985,4202,0.0,,-1.42984,0.000664739,2.04567,0.00190064,4.19462,0.00779865,0.0488041,9.59817e-05,0.00373962,1.42558e-05,4.18678e-05,3.53435e-07,217420000000
7200,0.49,0,312479,15855,0.0,,-1.4295,0.00102967,2.04483,0.00268323,4.19146,0.00971839,0.0445867,0.000109928,0.00312182,1.54305e-05,2.91601e-05,3.04406e-07,211160000000
100,0.5,0,494,24,60.3219,0.0410543,-1.41571,0.000326521,2.07639,0.00103638,4.91538,0.00551001,0.356189,0.00026789,0.184571,0.000243471,0.0773299,0.000182877,88900000000
300,0.5,0,2393,53,263.957,0.281108,-1.47411,0.000214687,2.19963,0.000638924,5.07563,0.00296866,0.231671,0.000193473,0.0819371,0.000125233,0.0180074,5.45719e-05,99700000000
600,0.5,0,6621,82,697.175,0.795315,-1.4893,0.000142434,2.23163,0.000425503,5.10276,0.0019323,0.169249,7.10684e-05,0.0443949,3.45962e-05,0.00560106,8.98263e-06,472100000000
1200,0.5,0,18489,145,0.0,,-1.49672,0.000240364,2.247,0.00071808,5.11073,0.00323469,0.121541,0.000102641,0.0230436,3.788e-05,0.00155078,5.48507e-06,341760000000
2400,0.5,0,52296,370,0.0,,-1.49994,0.000344142,2.25325,0.00103306,5.10807,0.00467908,0.0864818,7.68869e-05,0.0117095,1.99923e-05,0.000406151,1.41893e-06,347440000000
4800,0.5,0,147906,2260,0.0,,-1.5019,0.00077743,2.25744,0.00228973,5.11161,0.0100134,0.0613267,0.000137882,0.0058968,2.41687e-05,0.000103465,7.7966e-07,306240000000
6000,0.5,0,206435,4526,0.0,,-1.50204,0.000903275,2.2576,0.00264742,5.10984,0.0115992,0.0548118,0.000160476,0.00471706,2.8321e-05,6.65646e-05,8.3878e-07,212470000000
7200,0.5,0,298548,39143,0.0,,-1.50083,0.00239543,2.25449,0.00641656,5.09871,0.023934,0.050101,0.000200294,0.00393455,3.08493e-05,4.60753e-05,7.19447e-07,192620000000
100,0.51,0,464,25,0.0,,-1.47535,0.000408278,2.2507,0.00120162,5.73505,0.0060682,0.38565,0.000432623,0.212547,0.000360272,0.097437,0.000238179,52870000000
300,0.51,0,2173,47,0.0,,-1.5484,0.000347415,2.42629,0.00108448,6.16956,0.00549172,0.261371,0.000339903,0.103292,0.00022225,0.0275913,0.000102573,55250000000
600,0.51,0,5938,85,0.0,,-1.56811,0.000390148,2.47416,0.00122958,6.2733,0.00624927,0.19357,0.000297823,0.0578376,0.000156735,0.00933665,4.4947e-05,56450000000
1200,0.51,0,16504,167,0.0,,-1.57664,0.000609497,2.49342,0.00192781,6.29377,0.00974724,0.139606,0.000277981,0.0303486,0.000124777,0.00266289,2.41432e-05,54580000000
2400,0.51,0,45900,350,0.0,,-1.58174,0.000381943,2.50579,0.00121017,6.31789,0.00610818,0.0999288,0.000140634,0.0156213,4.07206e-05,0.000720049,3.65616e-06,313760000000
4800,0.51,0,129677,2461,0.0,,-1.58454,0.000648484,2.51272,0.00206377,6.33336,0.0104706,0.0711949,0.000125953,0.00794102,2.87308e-05,0.000187407,1.47162e-06,311950000000
6000,0.51,0,192099,6569,0.0,,-1.58521,0.000926281,2.51464,0.00284552,6.34049,0.0137664,0.0638021,0.000156785,0.00638417,3.099e-05,0.00012137,1.21969e-06,216020000000
7200,0.51,0,242252,9962,0.0,,-1.58454,0.000949523,2.51216,0.00297259,6.32426,0.0147887,0.0583241,0.00017487,0.00532704,3.23876e-05,8.40674e-05,1.0585e-06,188200000000
100,0.52,0,433,23,0.0,,-1.53685,0.00051361,2.43823,0.00158022,6.68845,0.008415,0.417979,0.000415437,0.245008,0.000404077,0.122682,0.000363865,50800000000
300,0.52,0,1930,49,0.0,,-1.62834,0.000464592,2.68293,0.00159242,7.53932,0.00971278,0.299445,0.000343471,0.133362,0.000301621,0.043495,0.000198726,52180000000
600,0.52,0,5120,74,0.0,,-1.6564,0.000548748,2.76075,0.00182677,7.81249,0.0103281,0.228434,0.000354882,0.0797218,0.000237969,0.0170687,9.92846e-05,54270000000
1200,0.52,0,14021,159,0.0,,-1.67007,0.000812071,2.79812,0.00269667,7.9308,0.0150147,0.168232,0.000414112,0.0438898,0.000206465,0.00548622,4.93738e-05,53670000000
2400,0.52,0,38804,323,0.0,,-1.6773,0.000412974,2.8179,0.00138771,7.99222,0.00787909,0.121235,0.000149926,0.0229426,5.51445e-05,0.00153948,7.37515e-06,347310000000
4800,0.52,0,111324,2228,0.0,,-1.68017,0.000792424,2.82541,0.00264164,8.01009,0.0149915,0.0862826,0.000210349,0.0116625,5.69077e-05,0.000403751,4.07425e-06,273570000000
6000,0.52,0,154415,4788,0.0,,-1.68155,0.0010316,2.82958,0.00343067,8.02843,0.0191566,0.0776687,0.000237033,0.00945207,5.69341e-05,0.00026553,3.20744e-06,211260000000
7200,0.52,0,211131,9240,0.0,,-1.68027,0.00133129,2.82504,0.00434711,7.99996,0.0238768,0.0706558,0.000257449,0.00783193,5.71115e-05,0.000183237,2.68448e-06,183910000000
100,0.53,0,396,22,0.0,,-1.60072,0.000407666,2.63994,0.00132322,7.78317,0.00791008,0.454685,0.000436946,0.283407,0.000464176,0.15456,0.000386696,50020000000
300,0.53,0,1678,45,0.0,,-1.71622,0.000379605,2.97933,0.00131589,9.28393,0.00825376,0.349802,0.000410338,0.177208,0.000349629,0.0705658,0.000227822,51630000000
600,0.53,0,4254,73,0.0,,-1.75767,0.000588976,3.10906,0.00208432,9.91325,0.0133271,0.281825,0.000495864,0.118845,0.000375278,0.0352094,0.000194389,53000000000
1200,0.53,0,11020,144,0.0,,-1.78246,0.000870537,3.18824,0.0030541,10.3074,0.0191638,0.21763,0.000599627,0.0726859,0.000380178,0.0144144,0.000143625,53330000000
2400,0.53,0,30039,287,0.0,,-1.79542,0.00101044,3.22933,0.00362356,10.5042,0.0234277,0.161188,0.0005385,0.040383,0.000262994,0.00468548,5.72784e-05,312230000000
4800,0.53,0,82548,1771,0.0,,-1.80354,0.00085443,3.25579,0.00307491,10.6395,0.0200121,0.116874,0.000383564,0.0213524,0.000134572,0.00133968,1.68991e-05,264670000000
6000,0.53,0,121963,3912,0.0,,-1.80254,0.00118134,3.25164,0.00424526,10.6056,0.0275971,0.105046,0.000501038,0.0172775,0.000164457,0.00088346,1.69127e-05,225240000000
7200,0.53,0,162408,11964,0.0,,-1.80038,0.00212828,3.24392,0.00737573,10.5543,0.0454547,0.095598,0.000606042,0.0143302,0.000180271,0.000611115,1.55374e-05,184480000000
100,0.54,0,364,23,0.0,,-1.66542,0.000444272,2.8515,0.00150145,9.00608,0.00944163,0.493973,0.000456701,0.325699,0.000440588,0.191382,0.000396024,48290000000
300,0.54,0,1413,41,0.0,,-1.81134,0.000491251,3.31659,0.00181344,11.4732,0.0126939,0.41532,0.000502426,0.239789,0.000481663,0.115104,0.000369693,48690000000
600,0.54,0,3295,62,0.0,,-1.87534,0.00071668,3.53931,0.00270015,12.8458,0.0195812,0.366767,0.000803934,0.191767,0.000722978,0.0790792,0.000479261,47680000000
1200,0.54,0,7592,127,0.0,,-1.92667,0.00130337,3.72609,0.00507768,14.0941,0.0390066,0.321399,0.00175748,0.150835,0.00151381,0.0523816,0.000903886,43900000000
2400,0.54,0,18092,212,0.0,,-1.96093,0.000865255,3.85394,0.00339802,14.9882,0.0264118,0.271285,0.00104492,0.11027,0.000790781,0.0304042,0.000391604,268630000000
4800,0.54,0,44989,908,0.0,,-1.98186,0.00162547,3.93308,0.00647814,15.553,0.0516866,0.217923,0.00199494,0.07308,0.0012942,0.0145905,0.000487927,215330000000
6000,0.54,0,76427,15011,0.0,,-1.98984,0.0031419,3.96494,0.0119939,15.804,0.0903021,0.204745,0.00268897,0.0648485,0.00158938,0.0117431,0.000516262,189700000000
7200,0.54,0,109316,30265,0.0,,-1.99276,0.00475563,3.97705,0.0177945,15.9,0.131887,0.192607,0.00441896,0.0580822,0.00246229,0.00984322,0.000717734,160650000000
100,0.545,0,352,21,0.0,,-1.69728,0.00020152,2.95846,0.000678508,9.65371,0.00421592,0.514442,0.000258467,0.348602,0.000264372,0.212193,0.000234584,312000000000
300,0.545,0,1278,39,0.0,,-1.86144,0.000203434,3.50112,0.000752184,12.7622,0.00531342,0.454258,0.000230764,0.279403,0.000222972,0.146253,0.000176548,296890000000
600,0.545,0,2804,55,0.0,,-1.94079,0.000453367,3.78955,0.00178582,14.7075,0.014093,0.424563,0.000583816,0.246988,0.00056862,0.11806,0.000430759,284800000000
1200,0.545,0,5968,83,0.0,,-2.00839,0.000556276,4.04855,0.00222744,16.6322,0.0181162,0.404711,0.000887448,0.225736,0.000834816,0.100259,0.000583813,261370000000
2400,0.545,0,12157,201,0.0,,-2.0695,0.00110146,4.29253,0.00454475,18.5927,0.0392085,0.398046,0.00212447,0.217459,0.00191545,0.0922989,0.00123511,217200000000
4800,0.545,0,26277,4111,0.0,,-2.12814,0.00239509,4.53623,0.0101728,20.7057,0.0926877,0.419729,0.00623976,0.23568,0.00565561,0.101766,0.00364971,167470000000
6000,0.545,0,29716,3953,0.0,,-2.1373,0.00611151,4.57467,0.0258491,21.0429,0.233021,0.412167,0.0127756,0.228282,0.0109496,0.0962628,0.00647282,123960000000
7200,0.545,0,40673,8178,0.0,,-2.15874,0.00601161,4.66627,0.0259464,21.8791,0.241753,0.437668,0.0133786,0.25023,0.0124126,0.109008,0.00808726,108800000000
100,0.55,0,334,22,0.0,,-1.73011,0.000422477,3.07039,0.00146475,10.3523,0.00969401,0.535947,0.000436201,0.372839,0.000460631,0.234699,0.00042067,48640000000
300,0.55,0,1147,36,0.0,,-1.91122,0.000426344,3.68892,0.00163226,14.1365,0.0123642,0.496214,0.000554686,0.323651,0.000570102,0.182944,0.000474855,45780000000
600,0.55,0,2350,51,0.0,,-2.00556,0.000756395,4.04514,0.00301524,16.7306,0.0243844,0.490178,0.0010763,0.31421,0.00108862,0.170809,0.000856528,43570000000
1200,0.55,0,4392,86,0.0,,-2.0935,0.00135361,4.39713,0.00562303,19.5854,0.0490105,0.509987,0.00243694,0.3317,0.0024652,0.180345,0.00189715,37340000000
2400,0.55,0,7019,132,0.0,,-2.18162,0.00110179,4.76782,0.00476438,22.8898,0.0447945,0.577375,0.00257556,0.399581,0.00269817,0.230344,0.00217242,184550000000
4800,0.55,0,9683,374,0.0,,-2.26155,0.00154235,5.11851,0.00689399,26.2786,0.0690569,0.688647,0.00499422,0.522346,0.0055384,0.332568,0.00474895,118160000000
6000,0.55,0,18018,7290,0.0,,-2.28033,0.00260443,5.20411,0.0112787,27.1606,0.110122,0.725712,0.00822537,0.565169,0.0088625,0.370958,0.00759228,102710000000
7200,0.55,0,48380,37007,0.0,,-2.2944,0.00485445,5.2706,0.0187652,27.8813,0.152873,0.759171,0.00605893,0.60551,0.00730023,0.408902,0.00705706,77700000000
100,0.56,0,299,20,0.0,,-1.79326,0.000433749,3.2909,0.0015593,11.7869,0.0105391,0.579109,0.000462759,0.422809,0.000511752,0.282741,0.000499729,45630000000
300,0.56,0,918,31,0.0,,-2.00788,0.000428305,4.0656,0.00169814,17.0705,0.0137416,0.584961,0.000635112,0.422858,0.000689987,0.272415,0.000615595,41670000000
600,0.56,0,1598,41,0.0,,-2.12838,0.00092392,4.54954,0.00386569,21.0466,0.0342508,0.630143,0.00139639,0.470314,0.00170292,0.309697,0.00164374,37740000000
1200,0.56,0,2418,58,0.0,,-2.23705,0.00133745,5.01435,0.00585782,25.3395,0.0565596,0.715698,0.0027026,0.568242,0.00311883,0.397962,0.00291911,29960000000
2400,0.56,0,3334,70,0.0,,-2.32189,0.000624843,5.39546,0.00286419,29.2022,0.030181,0.812986,0.00182134,0.689481,0.00220873,0.520545,0.00221473,145330000000
4800,0.56,0,4873,103,0.0,,-2.37897,0.000684326,5.66128,0.00323431,32.09,0.0361705,0.880241,0.00159515,0.783693,0.00216143,0.631694,0.00258811,92510000000
6000,0.56,0,9431,3616,0.0,,-2.39201,0.00148733,5.72362,0.00668209,32.8002,0.0693152,0.894599,0.0016157,0.805795,0.00234385,0.661353,0.00303163,82860000000
7200,0.56,0,8539,2055,0.0,,-2.40244,0.000909546,5.77298,0.00432055,33.355,0.0491492,0.903681,0.00129776,0.820111,0.0021005,0.680959,0.00298544,65360000000
100,0.57,0,273,16,0.0,,-1.85513,0.000458149,3.51339,0.00170257,13.3158,0.0126449,0.624166,0.000447163,0.476533,0.000507021,0.33661,0.000505747,45360000000
300,0.57,0,726,30,0.0,,-2.09576,0.000443353,4.42241,0.0018376,20.0765,0.0161841,0.671066,0.00064775,0.525838,0.000788662,0.374596,0.000802599,40060000000
600,0.57,0,1141,33,0.0,,-2.22555,0.000611308,4.96821,0.00267308,24.9771,0.0258434,0.745373,0.00104533,0.613108,0.00124117,0.457034,0.00124671,36140000000
1200,0.57,0,1609,44,0.0,,-2.32894,0.00123629,5.43045,0.005691,29.6286,0.060545,0.836005,0.00284393,0.728308,0.00356922,0.578516,0.00376164,26210000000
2400,0.57,0,2421,57,0.0,,-2.39789,0.000385814,5.75262,0.00183581,33.1549,0.0208235,0.898832,0.000819454,0.817012,0.00108273,0.68593,0.00126469,125860000000
4800,0.57,0,8579,4494,0.0,,-2.44054,0.00179321,5.95938,0.00694566,35.5687,0.0588547,0.928362,0.00141741,0.864695,0.00199012,0.754559,0.00237423,84140000000
6000,0.57,0,4708,93,0.0,,-2.45435,0.00071542,6.02476,0.00350862,36.32,0.0422139,0.937055,0.000635271,0.879275,0.00112267,0.776655,0.00181215,68690000000
7200,0.57,0,20858,15267,0.0,,-2.45588,0.00727188,6.0394,0.028695,36.5829,0.259891,0.927915,0.0135214,0.871711,0.015653,0.77412,0.0160646,60250000000
100,0.58,0,245,17,0.0,,-1.91486,0.000456882,3.73488,0.00173061,14.9211,0.0132541,0.668743,0.000451135,0.531344,0.000517788,0.394057,0.000529109,43820000000
300,0.58,0,589,24,0.0,,-2.17089,0.000400526,4.73807,0.00170361,22.9134,0.015731,0.746082,0.000603224,0.620225,0.000733621,0.475337,0.000761999,37040000000
600,0.58,0,876,32,0.0,,-2.29773,0.000493351,5.29093,0.0022275,28.2296,0.022901,0.826571,0.000871778,0.721693,0.00109402,0.581991,0.00118362,33210000000
1200,0.58,0,1264,38,0.0,,-2.38884,0.000668623,5.7112,0.00313158,32.7228,0.034468,0.896905,0.00131283,0.818092,0.00183691,0.695462,0.00218143,24760000000
2400,0.58,0,2042,49,0.0,,-2.44862,0.000278875,5.99775,0.00136409,36.0212,0.0163348,0.933954,0.000403989,0.875594,0.000579363,0.774797,0.000759892,120190000000
4800,0.58,0,3555,79,0.0,,-2.48882,0.000411048,6.19517,0.00202929,38.4036,0.0247719,0.951348,0.000771607,0.90627,0.00101342,0.824287,0.00119752,78680000000
6000,0.58,0,4273,87,0.0,,-2.5,0.000390855,6.25068,0.00195277,39.0886,0.0243813,0.956309,0.000182293,0.914939,0.000339598,0.838516,0.00059463,65580000000
7200,0.58,0,6206,1108,0.0,,-2.50735,0.000497391,6.28748,0.00246903,39.5488,0.0306009,0.959058,0.000231932,0.920115,0.000426052,0.847714,0.000733099,46780000000
100,0.59,0,219,17,0.0,,-1.9684,0.000374945,3.93783,0.00144352,16.4518,0.0114252,0.708679,0.00042369,0.581427,0.000500854,0.448254,0.000530682,46860000000
300,0.59,0,490,25,0.0,,-2.23157,0.000437011,5.00088,0.00190493,25.4155,0.0183791,0.804802,0.000632686,0.698137,0.000782775,0.56498,0.000845657,35540000000
600,0.59,0,711,28,0.0,,-2.35288,0.000413082,5.54488,0.00190355,30.938,0.0206046,0.879931,0.00063787,0.797772,0.000870334,0.677922,0.00105385,31160000000
1200,0.59,0,1114,38,0.0,,-2.43352,0.000478301,5.92571,0.00231026,35.2012,0.0270115,0.92799,0.000929426,0.868285,0.0012254,0.769098,0.00143385,23620000000
2400,0.59,0,1847,44,0.0,,-2.48843,0.000205781,6.19395,0.00102202,38.4056,0.0126151,0.95268,0.000155523,0.908965,0.000254364,0.830122,0.000382913,122200000000
4800,0.59,0,3256,65,0.0,,-2.52627,0.000410255,6.38279,0.00206916,40.7593,0.0263271,0.964515,0.000176801,0.930605,0.000331349,0.867118,0.000591338,75780000000
6000,0.59,0,11092,7214,0.0,,-2.5332,0.00247829,6.4207,0.00964395,41.2825,0.0841421,0.965687,0.00128006,0.933565,0.00172522,0.873654,0.00200344,59510000000
7200,0.59,0,28003,23195,0.0,,-2.53864,0.00320109,6.44757,0.0139265,41.625,0.139912,0.966812,0.00188599,0.935725,0.00283031,0.877926,0.00361232,46320000000
100,0.6,0,200,16,35.541,0.0352377,-2.01855,0.000291759,4.13261,0.00115213,17.9863,0.00951933,0.747023,0.000360633,0.630922,0.000421647,0.503555,0.000452139,71000000000
300,0.6,0,417,23,93.1805,0.113055,-2.2827,0.000245535,5.22814,0.00111623,27.6875,0.0116131,0.851158,0.000401237,0.762037,0.000513683,0.642534,0.00057998,63900000000
600,0.6,0,625,28,169.704,0.190294,-2.3949,0.00010901,5.74275,0.000513763,33.142,0.00574159,0.913138,0.000182282,0.848,0.000254831,0.74651,0.000315855,294500000000
1200,0.6,0,1004,35,0.0,,-2.46949,0.000196895,6.10147,0.000962276,37.3022,0.0115145,0.947171,0.000208402,0.900791,0.000291267,0.820065,0.000385064,147330000000
100,0.7,0,90,11,27.2848,0.0174896,-2.30931,0.000208178,5.35458,0.000930253,29.1155,0.0094991,0.944218,0.000157033,0.90645,0.000215126,0.85029,0.000279236,62000000000
300,0.7,0,216,16,75.3884,0.0616488,-2.51592,0.000145021,6.33509,0.000721445,40.2651,0.00894936,0.979689,6.10116e-05,0.961355,9.41943e-05,0.928255,0.000142681,61400000000
600,0.7,0,403,32,149.513,3.89933,-2.59629,0.000404217,6.74334,0.00182746,45.5407,0.019303,0.986792,0.000331477,0.974319,0.000407988,0.950617,0.000467745,269300000000
1200,0.7,0,691,28,0.0,,-2.65409,7.5255e-05,7.04523,0.00039864,49.6652,0.00559592,0.990894,1.06749e-05,0.981943,2.09081e-05,0.96448,4.03019e-05,133960000000
100,0.8,0,72,6,25.1808,0.014891,-2.41916,0.00013719,5.86298,0.000655313,34.6162,0.00754954,0.983756,6.32513e-05,0.970265,9.75861e-05,0.947225,0.00014709,62200000000
300,0.8,0,170,16,71.2205,0.0636351,-2.60548,0.000142516,6.79125,0.000737066,46.1943,0.00987619,0.993484,2.1909e-05,0.987182,4.09392e-05,0.975092,7.65121e-05,58500000000
600,0.8,0,330,21,138.441,0.122653,-2.68079,4.21847e-05,7.18786,0.000226733,51.7006,0.0032765,0.99563,5.13752e-06,0.991319,9.9721e-06,0.982863,1.90208e-05,267200000000
1200,0.8,0,1290,673,0.0,,-2.73104,0.0038915,7.46157,0.0188329,55.7484,0.22537,0.993283,0.00358912,0.989202,0.00457736,0.982267,0.00539466,126850000000
100,0.9,0,57,8,24.2203,0.0171955,-2.47578,0.000106343,6.13585,0.000520333,37.8008,0.006265,0.993601,2.8816e-05,0.987767,4.78221e-05,0.977151,7.82909e-05,62400000000
300,0.9,0,162,12,69.1092,0.0572876,-2.65544,6.63135e-05,7.05301,0.000351155,49.7914,0.00492813,0.997209,8.25421e-06,0.994465,1.60771e-05,0.989106,3.07129e-05,61100000000
600,0.9,0,304,22,134.527,0.0900863,-2.72886,3.62799e-05,7.44741,0.000197802,55.4863,0.00294081,0.998116,2.32604e-06,0.996246,4.61e-06,0.992549,9.05941e-06,262000000000
1200,0.9,0,651,79,0.0,,-2.78013,0.00124138,7.72985,0.0064977,59.7726,0.0895027,0.997501,0.00117182,0.995557,0.00179666,0.992363,0.00237107,125550000000
